phase,dimension,catalog_id,label,proposal_count,winner_count,proposal_share,winner_share,adoption_given_usage,proposal_sessions,winner_sessions,session_usage_rate,phase3_era,phase3_group_id,phase3_group_name
phase2,phase1_base,p1-001,侍,4,2,0.018779,0.028169,0.5,4,2,0.056338,,,
phase2,phase1_base,p1-002,忍者,9,0,0.042254,0.0,0.0,9,0,0.126761,,,
phase2,phase1_base,p1-003,騎士,1,0,0.004695,0.0,0.0,1,0,0.014085,,,
phase2,phase1_base,p1-004,剣士,1,0,0.004695,0.0,0.0,1,0,0.014085,,,
phase2,phase1_base,p1-005,槍兵,3,0,0.014085,0.0,0.0,3,0,0.042254,,,
phase2,phase1_base,p1-006,弓兵,0,0,0.0,0.0,0.0,0,0,0.0,,,
phase2,phase1_base,p1-007,甲冑兵,4,0,0.018779,0.0,0.0,4,0,0.056338,,,
phase2,phase1_base,p1-008,修道士,14,3,0.065728,0.042254,0.214286,14,3,0.197183,,,
phase2,phase1_base,p1-009,司祭,2,1,0.00939,0.014085,0.5,2,1,0.028169,,,
phase2,phase1_base,p1-010,巫女,13,4,0.061033,0.056338,0.307692,13,4,0.183099,,,
phase2,phase1_base,p1-011,道化師,20,7,0.093897,0.098592,0.35,20,7,0.28169,,,
phase2,phase1_base,p1-012,盗賊,0,0,0.0,0.0,0.0,0,0,0.0,,,
phase2,phase1_base,p1-013,猫,0,0,0.0,0.0,0.0,0,0,0.0,,,
phase2,phase1_base,p1-014,犬,2,0,0.00939,0.0,0.0,2,0,0.028169,,,
phase2,phase1_base,p1-015,狐,1,1,0.004695,0.014085,1.0,1,1,0.014085,,,
phase2,phase1_base,p1-016,狼,0,0,0.0,0.0,0.0,0,0,0.0,,,
phase2,phase1_base,p1-017,熊,3,0,0.014085,0.0,0.0,3,0,0.042254,,,
phase2,phase1_base,p1-018,鹿,6,4,0.028169,0.056338,0.666667,6,4,0.084507,,,
phase2,phase1_base,p1-019,馬,3,1,0.014085,0.014085,0.333333,3,1,0.042254,,,
phase2,phase1_base,p1-020,羊,2,1,0.00939,0.014085,0.5,2,1,0.028169,,,
phase2,phase1_base,p1-021,牛,0,0,0.0,0.0,0.0,0,0,0.0,,,
phase2,phase1_base,p1-022,猿,0,0,0.0,0.0,0.0,0,0,0.0,,,
phase2,phase1_base,p1-023,兎,3,0,0.014085,0.0,0.0,3,0,0.042254,,,
phase2,phase1_base,p1-024,鼠,1,1,0.004695,0.014085,1.0,1,1,0.014085,,,
phase2,phase1_base,p1-025,リス,2,1,0.00939,0.014085,0.5,2,1,0.028169,,,
phase2,phase1_base,p1-026,ヤギ,1,1,0.004695,0.014085,1.0,1,1,0.014085,,,
phase2,phase1_base,p1-027,鴉,1,1,0.004695,0.014085,1.0,1,1,0.014085,,,
phase2,phase1_base,p1-028,鷲,2,0,0.00939,0.0,0.0,2,0,0.028169,,,
phase2,phase1_base,p1-029,フクロウ,8,0,0.037559,0.0,0.0,8,0,0.112676,,,
phase2,phase1_base,p1-030,ハヤブサ,2,0,0.00939,0.0,0.0,2,0,0.028169,,,
phase2,phase1_base,p1-031,鷹,0,0,0.0,0.0,0.0,0,0,0.0,,,
phase2,phase1_base,p1-032,鶴,4,2,0.018779,0.028169,0.5,4,2,0.056338,,,
phase2,phase1_base,p1-033,燕,1,0,0.004695,0.0,0.0,1,0,0.014085,,,
phase2,phase1_base,p1-034,鷺,7,2,0.032864,0.028169,0.285714,7,2,0.098592,,,
phase2,phase1_base,p1-035,孔雀,8,4,0.037559,0.056338,0.5,8,4,0.112676,,,
phase2,phase1_base,p1-036,鳩,0,0,0.0,0.0,0.0,0,0,0.0,,,
phase2,phase1_base,p1-037,蛇,1,1,0.004695,0.014085,1.0,1,1,0.014085,,,
phase2,phase1_base,p1-038,亀,1,1,0.004695,0.014085,1.0,1,1,0.014085,,,
phase2,phase1_base,p1-039,ワニ,2,0,0.00939,0.0,0.0,2,0,0.028169,,,
phase2,phase1_base,p1-040,トカゲ,1,0,0.004695,0.0,0.0,1,0,0.014085,,,
phase2,phase1_base,p1-041,カメレオン,6,2,0.028169,0.028169,0.333333,6,2,0.084507,,,
phase2,phase1_base,p1-042,カエル,2,1,0.00939,0.014085,0.5,2,1,0.028169,,,
phase2,phase1_base,p1-043,ヤモリ,0,0,0.0,0.0,0.0,0,0,0.0,,,
phase2,phase1_base,p1-044,蝶,2,1,0.00939,0.014085,0.5,2,1,0.028169,,,
phase2,phase1_base,p1-045,蛾,7,4,0.032864,0.056338,0.571429,7,4,0.098592,,,
phase2,phase1_base,p1-046,蜂,1,1,0.004695,0.014085,1.0,1,1,0.014085,,,
phase2,phase1_base,p1-047,カブトムシ,1,0,0.004695,0.0,0.0,1,0,0.014085,,,
phase2,phase1_base,p1-048,クワガタ,2,0,0.00939,0.0,0.0,2,0,0.028169,,,
phase2,phase1_base,p1-049,カマキリ,2,0,0.00939,0.0,0.0,2,0,0.028169,,,
phase2,phase1_base,p1-050,蜘蛛,1,0,0.004695,0.0,0.0,1,0,0.014085,,,
phase2,phase1_base,p1-051,サソリ,1,1,0.004695,0.014085,1.0,1,1,0.014085,,,
phase2,phase1_base,p1-052,ムカデ,0,0,0.0,0.0,0.0,0,0,0.0,,,
phase2,phase1_base,p1-053,鯉,1,0,0.004695,0.0,0.0,1,0,0.014085,,,
phase2,phase1_base,p1-054,鮫,2,0,0.00939,0.0,0.0,2,0,0.028169,,,
phase2,phase1_base,p1-055,イルカ,2,1,0.00939,0.014085,0.5,2,1,0.028169,,,
phase2,phase1_base,p1-056,クジラ,5,3,0.023474,0.042254,0.6,5,3,0.070423,,,
phase2,phase1_base,p1-057,タコ,2,1,0.00939,0.014085,0.5,2,1,0.028169,,,
phase2,phase1_base,p1-058,イカ,5,3,0.023474,0.042254,0.6,5,3,0.070423,,,
phase2,phase1_base,p1-059,ロボット,0,0,0.0,0.0,0.0,0,0,0.0,,,
phase2,phase1_base,p1-060,アンドロイド,3,0,0.014085,0.0,0.0,3,0,0.042254,,,
phase2,phase1_base,p1-061,からくり人形,1,1,0.004695,0.014085,1.0,1,1,0.014085,,,
phase2,phase1_base,p1-062,木彫り人形,0,0,0.0,0.0,0.0,0,0,0.0,,,
phase2,phase1_base,p1-063,石像,1,0,0.004695,0.0,0.0,1,0,0.014085,,,
phase2,phase1_base,p1-064,土偶,1,1,0.004695,0.014085,1.0,1,1,0.014085,,,
phase2,phase1_base,p1-065,埴輪,0,0,0.0,0.0,0.0,0,0,0.0,,,
phase2,phase1_base,p1-066,マネキン,0,0,0.0,0.0,0.0,0,0,0.0,,,
phase2,phase1_base,p1-067,ぬいぐるみ,0,0,0.0,0.0,0.0,0,0,0.0,,,
phase2,phase1_base,p1-068,甲冑,0,0,0.0,0.0,0.0,0,0,0.0,,,
phase2,phase1_base,p1-069,ケンタウロス,1,1,0.004695,0.014085,1.0,1,1,0.014085,,,
phase2,phase1_base,p1-070,ミノタウロス,1,1,0.004695,0.014085,1.0,1,1,0.014085,,,
phase2,phase1_base,p1-071,グリフォン,1,0,0.004695,0.0,0.0,1,0,0.014085,,,
phase2,phase1_base,p1-072,ユニコーン,0,0,0.0,0.0,0.0,0,0,0.0,,,
phase2,phase1_base,p1-073,ケルベロス,0,0,0.0,0.0,0.0,0,0,0.0,,,
phase2,phase1_base,p1-074,ハーピー,2,2,0.00939,0.028169,1.0,2,2,0.028169,,,
phase2,phase1_base,p1-075,サテュロス,0,0,0.0,0.0,0.0,0,0,0.0,,,
phase2,phase1_base,p1-076,ゴーレム,0,0,0.0,0.0,0.0,0,0,0.0,,,
phase2,phase1_base,p1-077,河童,4,3,0.018779,0.042254,0.75,4,3,0.056338,,,
phase2,phase1_base,p1-078,天狗,7,1,0.032864,0.014085,0.142857,7,1,0.098592,,,
phase2,phase1_base,p1-079,一つ目小僧,0,0,0.0,0.0,0.0,0,0,0.0,,,
phase2,phase1_base,p1-080,のっぺらぼう,0,0,0.0,0.0,0.0,0,0,0.0,,,
phase2,phase1_base,p1-081,からかさお化け,2,0,0.00939,0.0,0.0,2,0,0.028169,,,
phase2,phase1_base,p1-082,ろくろ首,3,1,0.014085,0.014085,0.333333,3,1,0.042254,,,
phase2,phase1_base,p1-083,ぬらりひょん,2,1,0.00939,0.014085,0.5,2,1,0.028169,,,
phase2,phase1_base,p1-084,海坊主,0,0,0.0,0.0,0.0,0,0,0.0,,,
phase2,phase1_base,p1-085,クラゲ,0,0,0.0,0.0,0.0,0,0,0.0,,,
phase2,phase1_base,p1-086,エイ,2,1,0.00939,0.014085,0.5,2,1,0.028169,,,
phase2,phase1_base,p1-087,ウミヘビ,0,0,0.0,0.0,0.0,0,0,0.0,,,
phase2,phase1_base,p1-088,イグアナ,2,0,0.00939,0.0,0.0,2,0,0.028169,,,
phase2,phase1_base,p1-089,コブラ,0,0,0.0,0.0,0.0,0,0,0.0,,,
phase2,phase1_base,p1-090,サラマンダー,2,0,0.00939,0.0,0.0,2,0,0.028169,,,
phase2,phase1_base,p1-091,バッタ,0,0,0.0,0.0,0.0,0,0,0.0,,,
phase2,phase1_base,p1-092,トンボ,0,0,0.0,0.0,0.0,0,0,0.0,,,
phase2,phase1_base,p1-093,鬼,1,0,0.004695,0.0,0.0,1,0,0.014085,,,
phase2,phase1_base,p1-094,雪女,1,1,0.004695,0.014085,1.0,1,1,0.014085,,,
phase2,phase1_base,p1-095,牛鬼,0,0,0.0,0.0,0.0,0,0,0.0,,,
phase2,phase1_base,p1-096,フェニックス,0,0,0.0,0.0,0.0,0,0,0.0,,,
phase2,phase1_base,p1-097,ヒドラ,1,1,0.004695,0.014085,1.0,1,1,0.014085,,,
phase2,phase1_base,p1-098,ゼンマイ人形,0,0,0.0,0.0,0.0,0,0,0.0,,,
phase2,phase1_base,p1-099,青銅像,0,0,0.0,0.0,0.0,0,0,0.0,,,
phase2,phase2_condition,p2-001,人型,2,0,0.004751,0.0,0.0,2,0,0.028169,,,
phase2,phase2_condition,p2-002,一つ目,3,1,0.007126,0.007194,0.333333,3,1,0.042254,,,
phase2,phase2_condition,p2-003,二つ目,0,0,0.0,0.0,0.0,0,0,0.0,,,
phase2,phase2_condition,p2-004,三つ目,3,0,0.007126,0.0,0.0,3,0,0.042254,,,
phase2,phase2_condition,p2-005,四つ目,5,0,0.011876,0.0,0.0,5,0,0.070423,,,
phase2,phase2_condition,p2-006,複眼,3,1,0.007126,0.007194,0.333333,3,1,0.042254,,,
phase2,phase2_condition,p2-007,縦長の瞳,8,0,0.019002,0.0,0.0,8,0,0.112676,,,
phase2,phase2_condition,p2-008,横長の瞳,6,1,0.014252,0.007194,0.166667,6,1,0.084507,,,
phase2,phase2_condition,p2-009,角,0,0,0.0,0.0,0.0,0,0,0.0,,,
phase2,phase2_condition,p2-010,二本角,5,3,0.011876,0.021583,0.6,5,3,0.070423,,,
phase2,phase2_condition,p2-011,四本角,3,0,0.007126,0.0,0.0,3,0,0.042254,,,
phase2,phase2_condition,p2-012,螺旋角,6,3,0.014252,0.021583,0.5,6,3,0.084507,,,
phase2,phase2_condition,p2-013,翼,2,1,0.004751,0.007194,0.5,2,1,0.028169,,,
phase2,phase2_condition,p2-014,大きな翼,7,2,0.016627,0.014388,0.285714,7,2,0.098592,,,
phase2,phase2_condition,p2-015,小さな翼,2,0,0.004751,0.0,0.0,2,0,0.028169,,,
phase2,phase2_condition,p2-016,背ビレ,8,2,0.019002,0.014388,0.25,8,2,0.112676,,,
phase2,phase2_condition,p2-017,長い尻尾,6,3,0.014252,0.021583,0.5,6,3,0.084507,,,
phase2,phase2_condition,p2-018,二本尾,1,0,0.002375,0.0,0.0,1,0,0.014085,,,
phase2,phase2_condition,p2-019,三本尾,1,0,0.002375,0.0,0.0,1,0,0.014085,,,
phase2,phase2_condition,p2-020,触手,2,1,0.004751,0.007194,0.5,2,1,0.028169,,,
phase2,phase2_condition,p2-021,複数触手,2,2,0.004751,0.014388,1.0,2,2,0.028169,,,
phase2,phase2_condition,p2-022,甲殻,10,2,0.023753,0.014388,0.2,10,2,0.140845,,,
phase2,phase2_condition,p2-023,硬い甲殻,4,1,0.009501,0.007194,0.25,4,1,0.056338,,,
phase2,phase2_condition,p2-024,鱗,5,1,0.011876,0.007194,0.2,5,1,0.070423,,,
phase2,phase2_condition,p2-025,羽毛,6,0,0.014252,0.0,0.0,6,0,0.084507,,,
phase2,phase2_condition,p2-026,体毛,6,0,0.014252,0.0,0.0,6,0,0.084507,,,
phase2,phase2_condition,p2-027,金属肌,0,0,0.0,0.0,0.0,0,0,0.0,,,
phase2,phase2_condition,p2-028,石肌,4,1,0.009501,0.007194,0.25,4,1,0.056338,,,
phase2,phase2_condition,p2-029,ひび割れ肌,5,2,0.011876,0.014388,0.4,5,2,0.070423,,,
phase2,phase2_condition,p2-030,二重関節,5,3,0.011876,0.021583,0.6,5,3,0.070423,,,
phase2,phase2_condition,p2-031,多関節脚,2,2,0.004751,0.014388,1.0,2,2,0.028169,,,
phase2,phase2_condition,p2-032,四本腕,6,2,0.014252,0.014388,0.333333,6,2,0.084507,,,
phase2,phase2_condition,p2-033,六本腕,9,5,0.021378,0.035971,0.555556,9,5,0.126761,,,
phase2,phase2_condition,p2-034,長い腕,3,0,0.007126,0.0,0.0,3,0,0.042254,,,
phase2,phase2_condition,p2-035,太い腕,0,0,0.0,0.0,0.0,0,0,0.0,,,
phase2,phase2_condition,p2-036,細い腕,3,2,0.007126,0.014388,0.666667,3,2,0.042254,,,
phase2,phase2_condition,p2-037,長い脚,6,1,0.014252,0.007194,0.166667,6,1,0.084507,,,
phase2,phase2_condition,p2-038,太い脚,1,0,0.002375,0.0,0.0,1,0,0.014085,,,
phase2,phase2_condition,p2-039,細い脚,7,4,0.016627,0.028777,0.571429,7,4,0.098592,,,
phase2,phase2_condition,p2-040,二本足,1,0,0.002375,0.0,0.0,1,0,0.014085,,,
phase2,phase2_condition,p2-041,四本足,1,1,0.002375,0.007194,1.0,1,1,0.014085,,,
phase2,phase2_condition,p2-042,短い首,3,1,0.007126,0.007194,0.333333,3,1,0.042254,,,
phase2,phase2_condition,p2-043,長い首,5,3,0.011876,0.021583,0.6,5,3,0.070423,,,
phase2,phase2_condition,p2-044,細長い首,7,3,0.016627,0.021583,0.428571,7,3,0.098592,,,
phase2,phase2_condition,p2-045,太い首,1,0,0.002375,0.0,0.0,1,0,0.014085,,,
phase2,phase2_condition,p2-046,巨大な頭,6,2,0.014252,0.014388,0.333333,6,2,0.084507,,,
phase2,phase2_condition,p2-047,小さな頭,1,0,0.002375,0.0,0.0,1,0,0.014085,,,
phase2,phase2_condition,p2-048,球体胴体,3,2,0.007126,0.014388,0.666667,3,2,0.042254,,,
phase2,phase2_condition,p2-049,箱型胴体,2,1,0.004751,0.007194,0.5,2,1,0.028169,,,
phase2,phase2_condition,p2-050,扁平胴体,7,0,0.016627,0.0,0.0,7,0,0.098592,,,
phase2,phase2_condition,p2-051,角ばった背,0,0,0.0,0.0,0.0,0,0,0.0,,,
phase2,phase2_condition,p2-052,背中の棘,9,8,0.021378,0.057554,0.888889,9,8,0.126761,,,
phase2,phase2_condition,p2-053,肩の張り,1,0,0.002375,0.0,0.0,1,0,0.014085,,,
phase2,phase2_condition,p2-054,尖った耳,3,1,0.007126,0.007194,0.333333,3,1,0.042254,,,
phase2,phase2_condition,p2-055,垂れ耳,2,0,0.004751,0.0,0.0,2,0,0.028169,,,
phase2,phase2_condition,p2-056,大きな耳,3,1,0.007126,0.007194,0.333333,3,1,0.042254,,,
phase2,phase2_condition,p2-057,小さな耳,0,0,0.0,0.0,0.0,0,0,0.0,,,
phase2,phase2_condition,p2-058,大きな口,3,1,0.007126,0.007194,0.333333,3,1,0.042254,,,
phase2,phase2_condition,p2-059,細い口,1,1,0.002375,0.007194,1.0,1,1,0.014085,,,
phase2,phase2_condition,p2-060,横長の口,3,0,0.007126,0.0,0.0,3,0,0.042254,,,
phase2,phase2_condition,p2-061,くちばし,1,0,0.002375,0.0,0.0,1,0,0.014085,,,
phase2,phase2_condition,p2-062,長い指,9,5,0.021378,0.035971,0.555556,9,5,0.126761,,,
phase2,phase2_condition,p2-063,太い指,0,0,0.0,0.0,0.0,0,0,0.0,,,
phase2,phase2_condition,p2-064,細い指,5,2,0.011876,0.014388,0.4,5,2,0.070423,,,
phase2,phase2_condition,p2-065,丸い瞳,0,0,0.0,0.0,0.0,0,0,0.0,,,
phase2,phase2_condition,p2-066,細い瞳,5,2,0.011876,0.014388,0.4,5,2,0.070423,,,
phase2,phase2_condition,p2-067,小さな目,0,0,0.0,0.0,0.0,0,0,0.0,,,
phase2,phase2_condition,p2-068,大きな目,4,1,0.009501,0.007194,0.25,4,1,0.056338,,,
phase2,phase2_condition,p2-069,二つの口,1,0,0.002375,0.0,0.0,1,0,0.014085,,,
phase2,phase2_condition,p2-070,縦裂けの口,5,1,0.011876,0.007194,0.2,5,1,0.070423,,,
phase2,phase2_condition,p2-071,横裂けの口,2,0,0.004751,0.0,0.0,2,0,0.028169,,,
phase2,phase2_condition,p2-072,長い鼻,1,1,0.002375,0.007194,1.0,1,1,0.014085,,,
phase2,phase2_condition,p2-073,短い鼻,0,0,0.0,0.0,0.0,0,0,0.0,,,
phase2,phase2_condition,p2-074,尖った鼻,0,0,0.0,0.0,0.0,0,0,0.0,,,
phase2,phase2_condition,p2-075,平たい鼻,0,0,0.0,0.0,0.0,0,0,0.0,,,
phase2,phase2_condition,p2-076,一本角,2,0,0.004751,0.0,0.0,2,0,0.028169,,,
phase2,phase2_condition,p2-077,枝角,7,3,0.016627,0.021583,0.428571,7,3,0.098592,,,
phase2,phase2_condition,p2-078,扁平頭,16,5,0.038005,0.035971,0.3125,16,5,0.225352,,,
phase2,phase2_condition,p2-079,尖頭,1,0,0.002375,0.0,0.0,1,0,0.014085,,,
phase2,phase2_condition,p2-080,太い尾,1,0,0.002375,0.0,0.0,1,0,0.014085,,,
phase2,phase2_condition,p2-081,細い尾,2,2,0.004751,0.014388,1.0,2,2,0.028169,,,
phase2,phase2_condition,p2-082,短い尾,1,0,0.002375,0.0,0.0,1,0,0.014085,,,
phase2,phase2_condition,p2-083,扇状尾,5,2,0.011876,0.014388,0.4,5,2,0.070423,,,
phase2,phase2_condition,p2-084,六本足,2,1,0.004751,0.007194,0.5,2,1,0.028169,,,
phase2,phase2_condition,p2-085,八本足,4,0,0.009501,0.0,0.0,4,0,0.056338,,,
phase2,phase2_condition,p2-086,短い腕,2,1,0.004751,0.007194,0.5,2,1,0.028169,,,
phase2,phase2_condition,p2-087,短い脚,0,0,0.0,0.0,0.0,0,0,0.0,,,
phase2,phase2_condition,p2-088,太い手,0,0,0.0,0.0,0.0,0,0,0.0,,,
phase2,phase2_condition,p2-089,細い手,2,1,0.004751,0.007194,0.5,2,1,0.028169,,,
phase2,phase2_condition,p2-090,細長い胴体,3,0,0.007126,0.0,0.0,3,0,0.042254,,,
phase2,phase2_condition,p2-091,短い胴体,0,0,0.0,0.0,0.0,0,0,0.0,,,
phase2,phase2_condition,p2-092,太い胴体,1,0,0.002375,0.0,0.0,1,0,0.014085,,,
phase2,phase2_condition,p2-093,薄い胴体,5,3,0.011876,0.021583,0.6,5,3,0.070423,,,
phase2,phase2_condition,p2-094,分節胴体,9,4,0.021378,0.028777,0.444444,9,4,0.126761,,,
phase2,phase2_condition,p2-095,輪状胴体,0,0,0.0,0.0,0.0,0,0,0.0,,,
phase2,phase2_condition,p2-096,凹凸肌,3,3,0.007126,0.021583,1.0,3,3,0.042254,,,
phase2,phase2_condition,p2-097,滑らかな肌,2,1,0.004751,0.007194,0.5,2,1,0.028169,,,
phase2,phase2_condition,p2-098,ざらざら肌,1,0,0.002375,0.0,0.0,1,0,0.014085,,,
phase2,phase2_condition,p2-099,硬い肌,2,1,0.004751,0.007194,0.5,2,1,0.028169,,,
phase2,phase2_condition,p2-100,逆関節,15,5,0.035629,0.035971,0.333333,15,5,0.211268,,,
phase2,phase2_condition,p2-101,多関節腕,7,2,0.016627,0.014388,0.285714,7,2,0.098592,,,
phase2,phase2_condition,p2-102,球体関節,12,4,0.028504,0.028777,0.333333,12,4,0.169014,,,
phase2,phase2_condition,p2-103,露出関節,11,3,0.026128,0.021583,0.272727,11,3,0.15493,,,
phase2,phase2_condition,p2-104,蛇腹関節,14,3,0.033254,0.021583,0.214286,14,3,0.197183,,,
phase2,phase2_condition,p2-105,機械関節,6,1,0.014252,0.007194,0.166667,6,1,0.084507,,,
phase2,phase2_condition,p2-106,蝶番関節,0,0,0.0,0.0,0.0,0,0,0.0,,,
phase2,phase2_condition,p2-107,前傾姿勢,1,0,0.002375,0.0,0.0,1,0,0.014085,,,
phase2,phase2_condition,p2-108,猫背,2,0,0.004751,0.0,0.0,2,0,0.028169,,,
phase2,phase2_condition,p2-109,反り背,6,2,0.014252,0.014388,0.333333,6,2,0.084507,,,
phase2,phase2_condition,p2-110,樽胴,3,2,0.007126,0.014388,0.666667,3,2,0.042254,,,
phase2,phase2_condition,p2-111,逆三角胴,2,0,0.004751,0.0,0.0,2,0,0.028169,,,
phase2,phase2_condition,p2-112,横広胴,1,0,0.002375,0.0,0.0,1,0,0.014085,,,
phase2,phase2_condition,p2-113,細腰,4,2,0.009501,0.014388,0.5,4,2,0.056338,,,
phase2,phase2_condition,p2-114,厚い胸郭,2,0,0.004751,0.0,0.0,2,0,0.028169,,,
phase2,phase2_condition,p2-115,長い胴,1,1,0.002375,0.007194,1.0,1,1,0.014085,,,
phase2,phase2_condition,p2-116,低重心体型,0,0,0.0,0.0,0.0,0,0,0.0,,,
phase2,phase2_condition,p2-117,高重心体型,0,0,0.0,0.0,0.0,0,0,0.0,,,
phase2,phase2_condition,p2-118,円錐胴,1,0,0.002375,0.0,0.0,1,0,0.014085,,,
phase2,phase2_condition,p2-119,泥肌,0,0,0.0,0.0,0.0,0,0,0.0,,,
phase2,phase2_condition,p2-120,乾いた皮膚,1,1,0.002375,0.007194,1.0,1,1,0.014085,,,
phase2,phase2_condition,p2-121,油膜肌,1,0,0.002375,0.0,0.0,1,0,0.014085,,,
phase2,phase2_condition,p2-122,斑点肌,2,1,0.004751,0.007194,0.5,2,1,0.028169,,,
phase2,phase2_condition,p2-123,網目肌,0,0,0.0,0.0,0.0,0,0,0.0,,,
phase2,phase2_condition,p2-124,煤肌,3,1,0.007126,0.007194,0.333333,3,1,0.042254,,,
phase2,phase2_condition,p2-125,霜肌,1,1,0.002375,0.007194,1.0,1,1,0.014085,,,
phase2,phase2_condition,p2-126,粘膜肌,2,0,0.004751,0.0,0.0,2,0,0.028169,,,
phase2,phase3_anchor,p3-001,仮面,10,3,0.046512,0.042254,0.3,10,3,0.140845,,,
phase2,phase3_anchor,p3-002,鉄の仮面,12,3,0.055814,0.042254,0.25,12,3,0.169014,,,
phase2,phase3_anchor,p3-003,目隠し,3,2,0.013953,0.028169,0.666667,3,2,0.042254,,,
phase2,phase3_anchor,p3-004,眼帯,1,0,0.004651,0.0,0.0,1,0,0.014085,,,
phase2,phase3_anchor,p3-005,頭冠,5,1,0.023256,0.014085,0.2,5,1,0.070423,,,
phase2,phase3_anchor,p3-006,王冠,6,4,0.027907,0.056338,0.666667,6,4,0.084507,,,
phase2,phase3_anchor,p3-007,兜,5,3,0.023256,0.042254,0.6,5,3,0.070423,,,
phase2,phase3_anchor,p3-008,兜飾り,1,0,0.004651,0.0,0.0,1,0,0.014085,,,
phase2,phase3_anchor,p3-009,頭巾,0,0,0.0,0.0,0.0,0,0,0.0,,,
phase2,phase3_anchor,p3-010,フード,0,0,0.0,0.0,0.0,0,0,0.0,,,
phase2,phase3_anchor,p3-011,長いマント,0,0,0.0,0.0,0.0,0,0,0.0,,,
phase2,phase3_anchor,p3-012,マント,0,0,0.0,0.0,0.0,0,0,0.0,,,
phase2,phase3_anchor,p3-013,首輪,2,0,0.009302,0.0,0.0,2,0,0.028169,,,
phase2,phase3_anchor,p3-014,鎖の首輪,13,6,0.060465,0.084507,0.461538,13,6,0.183099,,,
phase2,phase3_anchor,p3-015,鈴の首輪,7,1,0.032558,0.014085,0.142857,7,1,0.098592,,,
phase2,phase3_anchor,p3-016,首飾り,0,0,0.0,0.0,0.0,0,0,0.0,,,
phase2,phase3_anchor,p3-017,腕輪,1,0,0.004651,0.0,0.0,1,0,0.014085,,,
phase2,phase3_anchor,p3-018,発光腕輪,7,1,0.032558,0.014085,0.142857,7,1,0.098592,,,
phase2,phase3_anchor,p3-019,指輪,0,0,0.0,0.0,0.0,0,0,0.0,,,
phase2,phase3_anchor,p3-020,複数指輪,0,0,0.0,0.0,0.0,0,0,0.0,,,
phase2,phase3_anchor,p3-021,手袋,0,0,0.0,0.0,0.0,0,0,0.0,,,
phase2,phase3_anchor,p3-022,大きな手袋,1,0,0.004651,0.0,0.0,1,0,0.014085,,,
phase2,phase3_anchor,p3-023,義手,1,1,0.004651,0.014085,1.0,1,1,0.014085,,,
phase2,phase3_anchor,p3-024,義足,0,0,0.0,0.0,0.0,0,0,0.0,,,
phase2,phase3_anchor,p3-025,機械腕,0,0,0.0,0.0,0.0,0,0,0.0,,,
phase2,phase3_anchor,p3-026,機械脚,0,0,0.0,0.0,0.0,0,0,0.0,,,
phase2,phase3_anchor,p3-027,胸当て,2,0,0.009302,0.0,0.0,2,0,0.028169,,,
phase2,phase3_anchor,p3-028,肩当て,0,0,0.0,0.0,0.0,0,0,0.0,,,
phase2,phase3_anchor,p3-029,腰帯,2,0,0.009302,0.0,0.0,2,0,0.028169,,,
phase2,phase3_anchor,p3-030,背負い旗,11,5,0.051163,0.070423,0.454545,11,5,0.15493,,,
phase2,phase3_anchor,p3-031,背中の旗,4,2,0.018605,0.028169,0.5,4,2,0.056338,,,
phase2,phase3_anchor,p3-032,背中の盾,3,2,0.013953,0.028169,0.666667,3,2,0.042254,,,
phase2,phase3_anchor,p3-033,背中の機械,2,0,0.009302,0.0,0.0,2,0,0.028169,,,
phase2,phase3_anchor,p3-034,角飾り,1,0,0.004651,0.0,0.0,1,0,0.014085,,,
phase2,phase3_anchor,p3-035,羽飾り,1,1,0.004651,0.014085,1.0,1,1,0.014085,,,
phase2,phase3_anchor,p3-036,首の鎖,6,2,0.027907,0.028169,0.333333,6,2,0.084507,,,
phase2,phase3_anchor,p3-037,額の刻印,6,2,0.027907,0.028169,0.333333,6,2,0.084507,,,
phase2,phase3_anchor,p3-038,顔の刻印,6,0,0.027907,0.0,0.0,6,0,0.084507,,,
phase2,phase3_anchor,p3-039,胸の刻印,4,1,0.018605,0.014085,0.25,4,1,0.056338,,,
phase2,phase3_anchor,p3-040,背中の刻印,4,0,0.018605,0.0,0.0,4,0,0.056338,,,
phase2,phase3_anchor,p3-041,体の紋章,1,1,0.004651,0.014085,1.0,1,1,0.014085,,,
phase2,phase3_anchor,p3-042,額の紋章,2,0,0.009302,0.0,0.0,2,0,0.028169,,,
phase2,phase3_anchor,p3-043,顔の紋章,5,2,0.023256,0.028169,0.4,5,2,0.070423,,,
phase2,phase3_anchor,p3-044,縫い目,2,1,0.009302,0.014085,0.5,2,1,0.028169,,,
phase2,phase3_anchor,p3-045,継ぎ目,2,1,0.009302,0.014085,0.5,2,1,0.028169,,,
phase2,phase3_anchor,p3-046,ひび割れ,1,1,0.004651,0.014085,1.0,1,1,0.014085,,,
phase2,phase3_anchor,p3-047,金属の継ぎ目,0,0,0.0,0.0,0.0,0,0,0.0,,,
phase2,phase3_anchor,p3-048,皮革のベルト,1,0,0.004651,0.0,0.0,1,0,0.014085,,,
phase2,phase3_anchor,p3-049,帯,2,0,0.009302,0.0,0.0,2,0,0.028169,,,
phase2,phase3_anchor,p3-050,腰の鎖,7,1,0.032558,0.014085,0.142857,7,1,0.098592,,,
phase2,phase3_anchor,p3-051,肩章,0,0,0.0,0.0,0.0,0,0,0.0,,,
phase2,phase3_anchor,p3-052,腕章,2,0,0.009302,0.0,0.0,2,0,0.028169,,,
phase2,phase3_anchor,p3-053,足枷,8,2,0.037209,0.028169,0.25,8,2,0.112676,,,
phase2,phase3_anchor,p3-054,鎧,0,0,0.0,0.0,0.0,0,0,0.0,,,
phase2,phase3_anchor,p3-055,肩の装置,1,0,0.004651,0.0,0.0,1,0,0.014085,,,
phase2,phase3_anchor,p3-056,背中の装置,1,0,0.004651,0.0,0.0,1,0,0.014085,,,
phase2,phase3_anchor,p3-057,角の冠,6,3,0.027907,0.042254,0.5,6,3,0.084507,,,
phase2,phase3_anchor,p3-058,牙の首飾り,3,0,0.013953,0.0,0.0,3,0,0.042254,,,
phase2,phase3_anchor,p3-059,骨の首飾り,10,5,0.046512,0.070423,0.5,10,5,0.140845,,,
phase2,phase3_anchor,p3-060,木の首飾り,0,0,0.0,0.0,0.0,0,0,0.0,,,
phase2,phase3_anchor,p3-061,石の首飾り,2,2,0.009302,0.028169,1.0,2,2,0.028169,,,
phase2,phase3_anchor,p3-062,槍,0,0,0.0,0.0,0.0,0,0,0.0,,,
phase2,phase3_anchor,p3-063,剣,0,0,0.0,0.0,0.0,0,0,0.0,,,
phase2,phase3_anchor,p3-064,斧,0,0,0.0,0.0,0.0,0,0,0.0,,,
phase2,phase3_anchor,p3-065,銃,0,0,0.0,0.0,0.0,0,0,0.0,,,
phase2,phase3_anchor,p3-066,杖,1,0,0.004651,0.0,0.0,1,0,0.014085,,,
phase2,phase3_anchor,p3-067,旗印,0,0,0.0,0.0,0.0,0,0,0.0,,,
phase2,phase3_anchor,p3-068,胸の徽章,2,1,0.009302,0.014085,0.5,2,1,0.028169,,,
phase2,phase3_anchor,p3-069,腰の装飾板,0,0,0.0,0.0,0.0,0,0,0.0,,,
phase2,phase3_anchor,p3-070,膝当て,0,0,0.0,0.0,0.0,0,0,0.0,,,
phase2,phase3_anchor,p3-071,脛当て,1,1,0.004651,0.014085,1.0,1,1,0.014085,,,
phase2,phase3_anchor,p3-072,脚帯,0,0,0.0,0.0,0.0,0,0,0.0,,,
phase2,phase3_anchor,p3-073,足輪,3,1,0.013953,0.014085,0.333333,3,1,0.042254,,,
phase2,phase3_anchor,p3-074,蹄鉄,1,0,0.004651,0.0,0.0,1,0,0.014085,,,
phase2,phase3_anchor,p3-075,鼻環,1,0,0.004651,0.0,0.0,1,0,0.014085,,,
phase2,phase3_anchor,p3-076,口枷,13,5,0.060465,0.070423,0.384615,13,5,0.183099,,,
phase2,phase3_anchor,p3-077,顎当て,1,0,0.004651,0.0,0.0,1,0,0.014085,,,
phase2,phase3_anchor,p3-078,頬当て,0,0,0.0,0.0,0.0,0,0,0.0,,,
phase2,phase3_anchor,p3-079,上腕帯,0,0,0.0,0.0,0.0,0,0,0.0,,,
phase2,phase3_anchor,p3-080,肘当て,0,0,0.0,0.0,0.0,0,0,0.0,,,
phase2,phase3_anchor,p3-081,肩鎖,2,0,0.009302,0.0,0.0,2,0,0.028169,,,
phase2,phase3_anchor,p3-082,前腕装甲,0,0,0.0,0.0,0.0,0,0,0.0,,,
phase2,phase3_anchor,p3-083,爪付き手袋,0,0,0.0,0.0,0.0,0,0,0.0,,,
phase2,phase3_anchor,p3-084,手甲,1,1,0.004651,0.014085,1.0,1,1,0.014085,,,
phase2,phase3_anchor,p3-085,手首ベルト,0,0,0.0,0.0,0.0,0,0,0.0,,,
phase2,phase3_anchor,p3-086,指先装甲,0,0,0.0,0.0,0.0,0,0,0.0,,,
phase2,phase3_anchor,p3-087,背翼骨格,1,1,0.004651,0.014085,1.0,1,1,0.014085,,,
phase2,phase3_anchor,p3-088,背甲,1,0,0.004651,0.0,0.0,1,0,0.014085,,,
phase2,phase3_anchor,p3-089,背中の棘装具,1,1,0.004651,0.014085,1.0,1,1,0.014085,,,
phase2,phase3_anchor,p3-090,背負い筒,0,0,0.0,0.0,0.0,0,0,0.0,,,
phase2,phase3_anchor,p3-091,鎌,1,0,0.004651,0.0,0.0,1,0,0.014085,,,
phase2,phase3_anchor,p3-092,鞭,0,0,0.0,0.0,0.0,0,0,0.0,,,
phase2,phase3_anchor,p3-093,提灯,2,1,0.009302,0.014085,0.5,2,1,0.028169,,,
phase2,phase3_anchor,p3-094,盾,0,0,0.0,0.0,0.0,0,0,0.0,,,
phase3,candidate_keywords,かがり火,かがり火,33,14,0.004015,0.005072,0.424242,28,13,0.608696,medieval,p3-g9,中世/旗・灯火
phase3,candidate_keywords,つる植物,つる植物,57,14,0.006934,0.005072,0.245614,38,13,0.826087,primitive,p3-g1,原始/自然痕跡
phase3,candidate_keywords,アーチ壁,アーチ壁,37,13,0.004501,0.00471,0.351351,27,11,0.586957,ancient,p3-g4,古代/石造構造
phase3,candidate_keywords,オベリスク,オベリスク,45,14,0.005474,0.005072,0.311111,34,13,0.73913,ancient,p3-g5,古代/碑・彫像
phase3,candidate_keywords,カーブミラー,カーブミラー,45,12,0.005474,0.004348,0.266667,33,11,0.717391,modern,p3-g15,現代/ストリート家具
phase3,candidate_keywords,ガードレール,ガードレール,44,12,0.005353,0.004348,0.272727,29,11,0.630435,modern,p3-g15,現代/ストリート家具
phase3,candidate_keywords,グレーチング,グレーチング,48,12,0.005839,0.004348,0.25,30,12,0.652174,modern,p3-g14,現代/路面設備
phase3,candidate_keywords,ケーブル束,ケーブル束,46,11,0.005596,0.003986,0.23913,32,11,0.695652,modern,p3-g13,現代/都市インフラ
phase3,candidate_keywords,ゴミ箱,ゴミ箱,44,11,0.005353,0.003986,0.25,33,10,0.717391,modern,p3-g15,現代/ストリート家具
phase3,candidate_keywords,ドッキング柱,ドッキング柱,46,15,0.005596,0.005435,0.326087,31,14,0.673913,future,p3-g18,未来/移動インフラ
phase3,candidate_keywords,バス停柱,バス停柱,42,13,0.005109,0.00471,0.309524,28,13,0.608696,modern,p3-g15,現代/ストリート家具
phase3,candidate_keywords,ベンチ,ベンチ,41,17,0.004988,0.006159,0.414634,28,16,0.608696,modern,p3-g15,現代/ストリート家具
phase3,candidate_keywords,マンホール,マンホール,40,12,0.004866,0.004348,0.3,28,9,0.608696,modern,p3-g14,現代/路面設備
phase3,candidate_keywords,リニア軌道,リニア軌道,43,14,0.005231,0.005072,0.325581,30,14,0.652174,future,p3-g18,未来/移動インフラ
phase3,candidate_keywords,ルーン柱,ルーン柱,55,21,0.006691,0.007609,0.381818,37,19,0.804348,isekai,p3-g19,異世界/魔導構造
phase3,candidate_keywords,乾燥棚,乾燥棚,45,16,0.005474,0.005797,0.355556,26,12,0.565217,early_modern,p3-g11,近世/工房設備
phase3,candidate_keywords,井戸,井戸,45,13,0.005474,0.00471,0.288889,29,12,0.630435,ancient,p3-g6,古代/水路施設
phase3,candidate_keywords,井桁,井桁,52,17,0.006326,0.006159,0.326923,32,13,0.695652,medieval,p3-g8,中世/街道設備
phase3,candidate_keywords,作業台,作業台,52,18,0.006326,0.006522,0.346154,35,16,0.76087,early_modern,p3-g11,近世/工房設備
phase3,candidate_keywords,係留杭,係留杭,53,15,0.006448,0.005435,0.283019,30,14,0.652174,early_modern,p3-g12,近世/港・水運
phase3,candidate_keywords,信号機,信号機,44,14,0.005353,0.005072,0.318182,31,14,0.673913,modern,p3-g13,現代/都市インフラ
phase3,candidate_keywords,倉庫扉,倉庫扉,44,15,0.005353,0.005435,0.340909,29,13,0.630435,early_modern,p3-g12,近世/港・水運
phase3,candidate_keywords,倒木,倒木,40,15,0.004866,0.005435,0.375,31,14,0.673913,primitive,p3-g1,原始/自然痕跡
phase3,candidate_keywords,停止線,停止線,43,10,0.005231,0.003623,0.232558,31,7,0.673913,modern,p3-g14,現代/路面設備
phase3,candidate_keywords,側溝,側溝,38,15,0.004623,0.005435,0.394737,32,13,0.695652,modern,p3-g14,現代/路面設備
phase3,candidate_keywords,充電柱,充電柱,43,15,0.005231,0.005435,0.348837,30,13,0.652174,future,p3-g18,未来/移動インフラ
phase3,candidate_keywords,光のガード,光のガード,44,9,0.005353,0.003261,0.204545,26,9,0.565217,future,p3-g17,未来/発光構造
phase3,candidate_keywords,光の帯,光の帯,55,22,0.006691,0.007971,0.4,34,20,0.73913,future,p3-g17,未来/発光構造
phase3,candidate_keywords,光の格子,光の格子,49,19,0.005961,0.006884,0.387755,32,16,0.695652,future,p3-g17,未来/発光構造
phase3,candidate_keywords,光壁,光壁,47,14,0.005718,0.005072,0.297872,32,13,0.695652,future,p3-g17,未来/発光構造
phase3,candidate_keywords,光柱,光柱,38,14,0.004623,0.005072,0.368421,28,14,0.608696,future,p3-g17,未来/発光構造
phase3,candidate_keywords,列柱,列柱,36,12,0.00438,0.004348,0.333333,28,11,0.608696,ancient,p3-g4,古代/石造構造
phase3,candidate_keywords,反重力石柱,反重力石柱,43,11,0.005231,0.003986,0.255814,29,10,0.630435,isekai,p3-g20,異世界/浮遊地形
phase3,candidate_keywords,吊り滑車,吊り滑車,44,15,0.005353,0.005435,0.340909,28,15,0.608696,early_modern,p3-g11,近世/工房設備
phase3,candidate_keywords,吊り灯,吊り灯,29,8,0.003528,0.002899,0.275862,23,8,0.5,medieval,p3-g9,中世/旗・灯火
phase3,candidate_keywords,土の盛り土,土の盛り土,45,20,0.005474,0.007246,0.444444,32,20,0.695652,primitive,p3-g2,原始/住居痕跡
phase3,candidate_keywords,地下換気塔,地下換気塔,50,18,0.006083,0.006522,0.36,30,14,0.652174,modern,p3-g13,現代/都市インフラ
phase3,candidate_keywords,城壁,城壁,30,19,0.00365,0.006884,0.633333,23,15,0.5,medieval,p3-g7,中世/城郭要素
phase3,candidate_keywords,城壁階段,城壁階段,28,6,0.003406,0.002174,0.214286,23,6,0.5,medieval,p3-g7,中世/城郭要素
phase3,candidate_keywords,城郭櫓,城郭櫓,36,12,0.00438,0.004348,0.333333,27,12,0.586957,medieval,p3-g7,中世/城郭要素
phase3,candidate_keywords,城門,城門,44,12,0.005353,0.004348,0.272727,28,10,0.608696,medieval,p3-g7,中世/城郭要素
phase3,candidate_keywords,堀,堀,32,10,0.003893,0.003623,0.3125,20,9,0.434783,medieval,p3-g7,中世/城郭要素
phase3,candidate_keywords,壁掛け灯,壁掛け灯,43,16,0.005231,0.005797,0.372093,29,15,0.630435,medieval,p3-g9,中世/旗・灯火
phase3,candidate_keywords,変圧器,変圧器,52,16,0.006326,0.005797,0.307692,31,15,0.673913,modern,p3-g13,現代/都市インフラ
phase3,candidate_keywords,妖精灯,妖精灯,42,11,0.005109,0.003986,0.261905,28,8,0.608696,isekai,p3-g21,異世界/異質設備
phase3,candidate_keywords,封印石,封印石,46,17,0.005596,0.006159,0.369565,30,14,0.652174,isekai,p3-g19,異世界/魔導構造
phase3,candidate_keywords,小さな煙突,小さな煙突,36,11,0.00438,0.003986,0.305556,27,10,0.586957,early_modern,p3-g11,近世/工房設備
phase3,candidate_keywords,岩の裂け目,岩の裂け目,45,11,0.005474,0.003986,0.244444,27,11,0.586957,primitive,p3-g1,原始/自然痕跡
phase3,candidate_keywords,岩棚,岩棚,47,17,0.005718,0.006159,0.361702,31,13,0.673913,primitive,p3-g1,原始/自然痕跡
phase3,candidate_keywords,工具棚,工具棚,46,16,0.005596,0.005797,0.347826,30,15,0.652174,early_modern,p3-g11,近世/工房設備
phase3,candidate_keywords,巨岩,巨岩,61,15,0.007421,0.005435,0.245902,38,14,0.826087,primitive,p3-g1,原始/自然痕跡
phase3,candidate_keywords,市場屋台,市場屋台,34,8,0.004136,0.002899,0.235294,27,7,0.586957,medieval,p3-g8,中世/街道設備
phase3,candidate_keywords,幻光標識,幻光標識,38,12,0.004623,0.004348,0.315789,26,11,0.565217,isekai,p3-g21,異世界/異質設備
phase3,candidate_keywords,排水口,排水口,43,14,0.005231,0.005072,0.325581,31,12,0.673913,modern,p3-g14,現代/路面設備
phase3,candidate_keywords,排水溝,排水溝,36,13,0.00438,0.00471,0.361111,27,12,0.586957,ancient,p3-g6,古代/水路施設
phase3,candidate_keywords,提灯,提灯,45,20,0.005474,0.007246,0.444444,27,16,0.586957,early_modern,p3-g10,近世/市街設備
phase3,candidate_keywords,断片地形,断片地形,50,12,0.006083,0.004348,0.24,33,10,0.717391,isekai,p3-g20,異世界/浮遊地形
phase3,candidate_keywords,旗布,旗布,45,17,0.005474,0.006159,0.377778,34,16,0.73913,medieval,p3-g9,中世/旗・灯火
phase3,candidate_keywords,旗竿,旗竿,40,11,0.004866,0.003986,0.275,26,9,0.565217,medieval,p3-g9,中世/旗・灯火
phase3,candidate_keywords,暖簾,暖簾,47,20,0.005718,0.007246,0.425532,30,18,0.652174,early_modern,p3-g10,近世/市街設備
phase3,candidate_keywords,木の骨組み,木の骨組み,50,16,0.006083,0.005797,0.32,35,15,0.76087,primitive,p3-g2,原始/住居痕跡
phase3,candidate_keywords,木柵,木柵,41,15,0.004988,0.005435,0.365854,28,14,0.608696,medieval,p3-g7,中世/城郭要素
phase3,candidate_keywords,木桶,木桶,44,19,0.005353,0.006884,0.431818,27,17,0.586957,primitive,p3-g3,原始/生活道具
phase3,candidate_keywords,木槍立て,木槍立て,49,16,0.005961,0.005797,0.326531,34,14,0.73913,primitive,p3-g3,原始/生活道具
phase3,candidate_keywords,木樽,木樽,42,17,0.005109,0.006159,0.404762,28,15,0.608696,medieval,p3-g8,中世/街道設備
phase3,candidate_keywords,木橋,木橋,29,14,0.003528,0.005072,0.482759,19,12,0.413043,medieval,p3-g8,中世/街道設備
phase3,candidate_keywords,木製クレーン,木製クレーン,48,16,0.005839,0.005797,0.333333,29,15,0.630435,early_modern,p3-g12,近世/港・水運
phase3,candidate_keywords,木製看板,木製看板,37,12,0.004501,0.004348,0.324324,28,11,0.608696,medieval,p3-g8,中世/街道設備
phase3,candidate_keywords,松明,松明,29,9,0.003528,0.003261,0.310345,24,8,0.521739,medieval,p3-g9,中世/旗・灯火
phase3,candidate_keywords,柱頭飾り,柱頭飾り,53,10,0.006448,0.003623,0.188679,34,10,0.73913,ancient,p3-g5,古代/碑・彫像
phase3,candidate_keywords,格子戸,格子戸,41,13,0.004988,0.00471,0.317073,31,12,0.673913,early_modern,p3-g10,近世/市街設備
phase3,candidate_keywords,桟橋,桟橋,63,26,0.007664,0.00942,0.412698,33,23,0.717391,early_modern,p3-g12,近世/港・水運
phase3,candidate_keywords,横断帯,横断帯,52,14,0.006326,0.005072,0.269231,32,10,0.695652,modern,p3-g14,現代/路面設備
phase3,candidate_keywords,樽山,樽山,33,14,0.004015,0.005072,0.424242,26,13,0.565217,early_modern,p3-g11,近世/工房設備
phase3,candidate_keywords,水晶灯,水晶灯,41,15,0.004988,0.005435,0.365854,28,15,0.608696,isekai,p3-g21,異世界/異質設備
phase3,candidate_keywords,水路,水路,52,19,0.006326,0.006884,0.365385,33,17,0.717391,ancient,p3-g6,古代/水路施設
phase3,candidate_keywords,水車,水車,39,10,0.004745,0.003623,0.25641,30,9,0.652174,early_modern,p3-g11,近世/工房設備
phase3,candidate_keywords,水門,水門,43,17,0.005231,0.006159,0.395349,28,16,0.608696,ancient,p3-g6,古代/水路施設
phase3,candidate_keywords,河原石,河原石,49,18,0.005961,0.006522,0.367347,30,16,0.652174,primitive,p3-g1,原始/自然痕跡
phase3,candidate_keywords,泥地,泥地,45,17,0.005474,0.006159,0.377778,31,13,0.673913,primitive,p3-g1,原始/自然痕跡
phase3,candidate_keywords,洞穴,洞穴,38,11,0.004623,0.003986,0.289474,27,10,0.586957,primitive,p3-g2,原始/住居痕跡
phase3,candidate_keywords,浅瀬,浅瀬,39,15,0.004745,0.005435,0.384615,27,11,0.586957,primitive,p3-g1,原始/自然痕跡
phase3,candidate_keywords,浮き樽,浮き樽,42,20,0.005109,0.007246,0.47619,28,15,0.608696,early_modern,p3-g12,近世/港・水運
phase3,candidate_keywords,浮上ホーム,浮上ホーム,49,13,0.005961,0.00471,0.265306,34,12,0.73913,future,p3-g18,未来/移動インフラ
phase3,candidate_keywords,浮彫壁,浮彫壁,50,14,0.006083,0.005072,0.28,35,14,0.76087,ancient,p3-g5,古代/碑・彫像
phase3,candidate_keywords,浮遊コンテナ,浮遊コンテナ,41,18,0.004988,0.006522,0.439024,33,17,0.717391,future,p3-g16,未来/浮遊設備
phase3,candidate_keywords,浮遊ドック,浮遊ドック,42,12,0.005109,0.004348,0.285714,29,11,0.630435,future,p3-g16,未来/浮遊設備
phase3,candidate_keywords,浮遊岩,浮遊岩,42,9,0.005109,0.003261,0.214286,30,9,0.652174,isekai,p3-g20,異世界/浮遊地形
phase3,candidate_keywords,浮遊島,浮遊島,42,13,0.005109,0.00471,0.309524,30,12,0.652174,isekai,p3-g20,異世界/浮遊地形
phase3,candidate_keywords,浮遊柵,浮遊柵,52,15,0.006326,0.005435,0.288462,35,14,0.76087,future,p3-g16,未来/浮遊設備
phase3,candidate_keywords,浮遊標識,浮遊標識,43,11,0.005231,0.003986,0.255814,30,11,0.652174,future,p3-g16,未来/浮遊設備
phase3,candidate_keywords,浮遊灯,浮遊灯,46,14,0.005596,0.005072,0.304348,32,12,0.695652,future,p3-g16,未来/浮遊設備
phase3,candidate_keywords,浮遊石,浮遊石,46,14,0.005596,0.005072,0.304348,32,14,0.695652,isekai,p3-g20,異世界/浮遊地形
phase3,candidate_keywords,浮遊街灯,浮遊街灯,41,15,0.004988,0.005435,0.365854,30,15,0.652174,future,p3-g16,未来/浮遊設備
phase3,candidate_keywords,浮遊足場,浮遊足場,52,16,0.006326,0.005797,0.307692,33,14,0.717391,future,p3-g16,未来/浮遊設備
phase3,candidate_keywords,消火栓,消火栓,38,14,0.004623,0.005072,0.368421,29,13,0.630435,modern,p3-g13,現代/都市インフラ
phase3,candidate_keywords,炉の跡,炉の跡,47,12,0.005718,0.004348,0.255319,29,11,0.630435,primitive,p3-g2,原始/住居痕跡
phase3,candidate_keywords,点字ブロック,点字ブロック,40,12,0.004866,0.004348,0.3,28,12,0.608696,modern,p3-g14,現代/路面設備
phase3,candidate_keywords,焚き火跡,焚き火跡,46,14,0.005596,0.005072,0.304348,31,14,0.673913,primitive,p3-g2,原始/住居痕跡
phase3,candidate_keywords,燧石山,燧石山,56,21,0.006813,0.007609,0.375,34,18,0.73913,primitive,p3-g3,原始/生活道具
phase3,candidate_keywords,獣道,獣道,43,15,0.005231,0.005435,0.348837,26,13,0.565217,primitive,p3-g1,原始/自然痕跡
phase3,candidate_keywords,発光段差,発光段差,41,16,0.004988,0.005797,0.390244,29,16,0.630435,future,p3-g17,未来/発光構造
phase3,candidate_keywords,発光苔,発光苔,38,17,0.004623,0.006159,0.447368,27,16,0.586957,isekai,p3-g21,異世界/異質設備
phase3,candidate_keywords,発光路面,発光路面,39,12,0.004745,0.004348,0.307692,28,11,0.608696,future,p3-g17,未来/発光構造
phase3,candidate_keywords,白線,白線,47,18,0.005718,0.006522,0.382979,30,15,0.652174,modern,p3-g14,現代/路面設備
phase3,candidate_keywords,皮の天幕,皮の天幕,40,17,0.004866,0.006159,0.425,29,17,0.630435,primitive,p3-g2,原始/住居痕跡
phase3,candidate_keywords,皮の敷物,皮の敷物,48,15,0.005839,0.005435,0.3125,31,14,0.673913,primitive,p3-g3,原始/生活道具
phase3,candidate_keywords,監視カメラ,監視カメラ,46,15,0.005596,0.005435,0.326087,32,12,0.695652,modern,p3-g13,現代/都市インフラ
phase3,candidate_keywords,矢狭間,矢狭間,42,18,0.005109,0.006522,0.428571,26,17,0.565217,medieval,p3-g7,中世/城郭要素
phase3,candidate_keywords,石の噴水,石の噴水,52,19,0.006326,0.006884,0.365385,31,16,0.673913,ancient,p3-g6,古代/水路施設
phase3,candidate_keywords,石の囲い,石の囲い,38,11,0.004623,0.003986,0.289474,30,10,0.652174,primitive,p3-g2,原始/住居痕跡
phase3,candidate_keywords,石の導水管,石の導水管,32,17,0.003893,0.006159,0.53125,23,15,0.5,ancient,p3-g6,古代/水路施設
phase3,candidate_keywords,石像,石像,43,6,0.005231,0.002174,0.139535,29,5,0.630435,ancient,p3-g5,古代/碑・彫像
phase3,candidate_keywords,石像門,石像門,47,20,0.005718,0.007246,0.425532,31,17,0.673913,isekai,p3-g19,異世界/魔導構造
phase3,candidate_keywords,石器束,石器束,43,14,0.005231,0.005072,0.325581,33,13,0.717391,primitive,p3-g3,原始/生活道具
phase3,candidate_keywords,石垣,石垣,39,12,0.004745,0.004348,0.307692,26,11,0.565217,medieval,p3-g7,中世/城郭要素
phase3,candidate_keywords,石壁,石壁,48,15,0.005839,0.005435,0.3125,31,13,0.673913,ancient,p3-g4,古代/石造構造
phase3,candidate_keywords,石板,石板,43,11,0.005231,0.003986,0.255814,31,11,0.673913,ancient,p3-g5,古代/碑・彫像
phase3,candidate_keywords,石柱,石柱,42,13,0.005109,0.00471,0.309524,29,13,0.630435,ancient,p3-g4,古代/石造構造
phase3,candidate_keywords,石橋,石橋,46,18,0.005596,0.006522,0.391304,29,17,0.630435,ancient,p3-g4,古代/石造構造
phase3,candidate_keywords,石段,石段,44,12,0.005353,0.004348,0.272727,32,11,0.695652,ancient,p3-g4,古代/石造構造
phase3,candidate_keywords,石畳,石畳,42,20,0.005109,0.007246,0.47619,30,17,0.652174,ancient,p3-g4,古代/石造構造
phase3,candidate_keywords,石碑,石碑,44,18,0.005353,0.006522,0.409091,31,15,0.673913,ancient,p3-g5,古代/碑・彫像
phase3,candidate_keywords,石臼,石臼,52,13,0.006326,0.00471,0.25,36,13,0.782609,primitive,p3-g3,原始/生活道具
phase3,candidate_keywords,石門,石門,50,17,0.006083,0.006159,0.34,33,15,0.717391,ancient,p3-g4,古代/石造構造
phase3,candidate_keywords,砂利道,砂利道,34,11,0.004136,0.003986,0.323529,24,11,0.521739,early_modern,p3-g10,近世/市街設備
phase3,candidate_keywords,砂地,砂地,32,8,0.003893,0.002899,0.25,24,8,0.521739,primitive,p3-g1,原始/自然痕跡
phase3,candidate_keywords,砥石台,砥石台,54,17,0.006569,0.006159,0.314815,31,15,0.673913,early_modern,p3-g11,近世/工房設備
phase3,candidate_keywords,砦壁,砦壁,37,14,0.004501,0.005072,0.378378,25,13,0.543478,medieval,p3-g7,中世/城郭要素
phase3,candidate_keywords,磁気レール,磁気レール,51,24,0.006204,0.008696,0.470588,33,21,0.717391,future,p3-g18,未来/移動インフラ
phase3,candidate_keywords,神殿基壇,神殿基壇,46,14,0.005596,0.005072,0.304348,24,10,0.521739,ancient,p3-g5,古代/碑・彫像
phase3,candidate_keywords,祠,祠,41,14,0.004988,0.005072,0.341463,26,12,0.565217,isekai,p3-g19,異世界/魔導構造
phase3,candidate_keywords,祭壇,祭壇,51,11,0.006204,0.003986,0.215686,31,11,0.673913,ancient,p3-g5,古代/碑・彫像
phase3,candidate_keywords,移動ホーム,移動ホーム,53,15,0.006448,0.005435,0.283019,34,15,0.73913,future,p3-g18,未来/移動インフラ
phase3,candidate_keywords,空中レール,空中レール,43,17,0.005231,0.006159,0.395349,28,14,0.608696,future,p3-g18,未来/移動インフラ
phase3,candidate_keywords,空中庭,空中庭,43,13,0.005231,0.00471,0.302326,27,9,0.586957,isekai,p3-g20,異世界/浮遊地形
phase3,candidate_keywords,空中橋,空中橋,53,23,0.006448,0.008333,0.433962,34,21,0.73913,isekai,p3-g20,異世界/浮遊地形
phase3,candidate_keywords,空中浮遊台,空中浮遊台,47,18,0.005718,0.006522,0.382979,33,15,0.717391,future,p3-g16,未来/浮遊設備
phase3,candidate_keywords,空中足場,空中足場,41,18,0.004988,0.006522,0.439024,28,13,0.608696,isekai,p3-g20,異世界/浮遊地形
phase3,candidate_keywords,竹垣,竹垣,44,19,0.005353,0.006884,0.431818,28,17,0.608696,early_modern,p3-g10,近世/市街設備
phase3,candidate_keywords,結晶樹,結晶樹,43,12,0.005231,0.004348,0.27907,28,10,0.608696,isekai,p3-g21,異世界/異質設備
phase3,candidate_keywords,結界柱,結界柱,50,12,0.006083,0.004348,0.24,31,12,0.673913,isekai,p3-g19,異世界/魔導構造
phase3,candidate_keywords,網,網,36,14,0.00438,0.005072,0.388889,27,12,0.586957,primitive,p3-g3,原始/生活道具
phase3,candidate_keywords,縁石,縁石,47,20,0.005718,0.007246,0.425532,30,17,0.652174,modern,p3-g14,現代/路面設備
phase3,candidate_keywords,繋留ロープ,繋留ロープ,40,10,0.004866,0.003623,0.25,25,10,0.543478,early_modern,p3-g12,近世/港・水運
phase3,candidate_keywords,自販機,自販機,53,23,0.006448,0.008333,0.433962,32,20,0.695652,modern,p3-g15,現代/ストリート家具
phase3,candidate_keywords,自転車レーン,自転車レーン,41,15,0.004988,0.005435,0.365854,28,13,0.608696,modern,p3-g14,現代/路面設備
phase3,candidate_keywords,船着き場,船着き場,43,20,0.005231,0.007246,0.465116,30,17,0.652174,early_modern,p3-g12,近世/港・水運
phase3,candidate_keywords,苔岩,苔岩,45,16,0.005474,0.005797,0.355556,33,16,0.717391,primitive,p3-g1,原始/自然痕跡
phase3,candidate_keywords,草ぶき小屋,草ぶき小屋,51,12,0.006204,0.004348,0.235294,28,12,0.608696,primitive,p3-g2,原始/住居痕跡
phase3,candidate_keywords,荷揚げ滑車,荷揚げ滑車,38,14,0.004623,0.005072,0.368421,29,13,0.630435,early_modern,p3-g12,近世/港・水運
phase3,candidate_keywords,荷車,荷車,52,14,0.006326,0.005072,0.269231,33,14,0.717391,early_modern,p3-g10,近世/市街設備
phase3,candidate_keywords,荷車置き場,荷車置き場,41,13,0.004988,0.00471,0.317073,25,12,0.543478,medieval,p3-g8,中世/街道設備
phase3,candidate_keywords,蔵の土壁,蔵の土壁,48,20,0.005839,0.007246,0.416667,29,15,0.630435,early_modern,p3-g11,近世/工房設備
phase3,candidate_keywords,薪積み,薪積み,45,19,0.005474,0.006884,0.422222,27,15,0.586957,early_modern,p3-g11,近世/工房設備
phase3,candidate_keywords,行燈看板,行燈看板,43,16,0.005231,0.005797,0.372093,27,14,0.586957,early_modern,p3-g10,近世/市街設備
phase3,candidate_keywords,街路灯,街路灯,46,16,0.005596,0.005797,0.347826,31,15,0.673913,modern,p3-g13,現代/都市インフラ
phase3,candidate_keywords,街道標,街道標,32,10,0.003893,0.003623,0.3125,24,10,0.521739,medieval,p3-g8,中世/街道設備
phase3,candidate_keywords,製粉機,製粉機,38,14,0.004623,0.005072,0.368421,28,12,0.608696,early_modern,p3-g11,近世/工房設備
phase3,candidate_keywords,見張り塔,見張り塔,46,11,0.005596,0.003986,0.23913,31,10,0.673913,medieval,p3-g7,中世/城郭要素
phase3,candidate_keywords,貯水槽,貯水槽,46,14,0.005596,0.005072,0.304348,35,13,0.76087,ancient,p3-g6,古代/水路施設
phase3,candidate_keywords,路面標識,路面標識,40,17,0.004866,0.006159,0.425,29,17,0.630435,modern,p3-g14,現代/路面設備
phase3,candidate_keywords,跳ね橋,跳ね橋,33,12,0.004015,0.004348,0.363636,26,10,0.565217,medieval,p3-g7,中世/城郭要素
phase3,candidate_keywords,車止め,車止め,46,18,0.005596,0.006522,0.391304,31,15,0.673913,modern,p3-g15,現代/ストリート家具
phase3,candidate_keywords,送電鉄塔,送電鉄塔,36,9,0.00438,0.003261,0.25,28,8,0.608696,modern,p3-g13,現代/都市インフラ
phase3,candidate_keywords,透過床,透過床,41,9,0.004988,0.003261,0.219512,28,8,0.608696,future,p3-g17,未来/発光構造
phase3,candidate_keywords,通り灯,通り灯,41,11,0.004988,0.003986,0.268293,30,11,0.652174,early_modern,p3-g10,近世/市街設備
phase3,candidate_keywords,通信箱,通信箱,42,15,0.005109,0.005435,0.357143,29,13,0.630435,modern,p3-g13,現代/都市インフラ
phase3,candidate_keywords,通行ゲート,通行ゲート,54,17,0.006569,0.006159,0.314815,31,16,0.673913,future,p3-g18,未来/移動インフラ
phase3,candidate_keywords,運河,運河,42,10,0.005109,0.003623,0.238095,29,9,0.630435,ancient,p3-g6,古代/水路施設
phase3,candidate_keywords,郵便ポスト,郵便ポスト,53,24,0.006448,0.008696,0.45283,30,19,0.652174,modern,p3-g15,現代/ストリート家具
phase3,candidate_keywords,配電箱,配電箱,50,23,0.006083,0.008333,0.46,29,17,0.630435,modern,p3-g13,現代/都市インフラ
phase3,candidate_keywords,鉄格子門,鉄格子門,36,16,0.00438,0.005797,0.444444,26,15,0.565217,medieval,p3-g7,中世/城郭要素
phase3,candidate_keywords,鉄灯籠,鉄灯籠,43,14,0.005231,0.005072,0.325581,31,13,0.673913,medieval,p3-g9,中世/旗・灯火
phase3,candidate_keywords,鍛造炉,鍛造炉,42,10,0.005109,0.003623,0.238095,31,10,0.673913,early_modern,p3-g11,近世/工房設備
phase3,candidate_keywords,電柱,電柱,45,12,0.005474,0.004348,0.266667,30,12,0.652174,modern,p3-g13,現代/都市インフラ
phase3,candidate_keywords,電線,電線,55,15,0.006691,0.005435,0.272727,35,15,0.76087,modern,p3-g13,現代/都市インフラ
phase3,candidate_keywords,霧の門,霧の門,53,17,0.006448,0.006159,0.320755,33,13,0.717391,isekai,p3-g21,異世界/異質設備
phase3,candidate_keywords,露岩,露岩,36,12,0.00438,0.004348,0.333333,24,12,0.521739,primitive,p3-g1,原始/自然痕跡
phase3,candidate_keywords,風見旗,風見旗,36,15,0.00438,0.005435,0.416667,27,15,0.586957,medieval,p3-g9,中世/旗・灯火
phase3,candidate_keywords,馬留め杭,馬留め杭,35,10,0.004258,0.003623,0.285714,23,9,0.5,medieval,p3-g8,中世/街道設備
phase3,candidate_keywords,骨の杭,骨の杭,32,12,0.003893,0.004348,0.375,24,12,0.521739,primitive,p3-g3,原始/生活道具
phase3,candidate_keywords,魔力井戸,魔力井戸,49,20,0.005961,0.007246,0.408163,29,18,0.630435,isekai,p3-g21,異世界/異質設備
phase3,candidate_keywords,魔力水路,魔力水路,42,11,0.005109,0.003986,0.261905,26,10,0.565217,isekai,p3-g21,異世界/異質設備
phase3,candidate_keywords,魔導塔,魔導塔,37,14,0.004501,0.005072,0.378378,26,13,0.565217,isekai,p3-g19,異世界/魔導構造
phase3,candidate_keywords,魔導灯,魔導灯,48,15,0.005839,0.005435,0.3125,28,14,0.608696,isekai,p3-g19,異世界/魔導構造
phase3,candidate_keywords,魔法陣床,魔法陣床,36,13,0.00438,0.00471,0.361111,28,13,0.608696,isekai,p3-g19,異世界/魔導構造
phase3,candidate_keywords,黄線,黄線,51,23,0.006204,0.008333,0.45098,28,17,0.608696,modern,p3-g14,現代/路面設備
phase4a,tone,80s_synthwave,80sシンセウェーブ,2,1,0.066667,0.1,0.5,2,1,0.2,,,
phase4a,tone,noir,ノワール,2,1,0.066667,0.1,0.5,2,1,0.2,,,
phase4a,tone,psychedelic,サイケデリック,1,1,0.033333,0.1,1.0,1,1,0.1,,,
phase4a,tone,vaporwave,ヴェイパーウェーブ,2,1,0.066667,0.1,0.5,2,1,0.2,,,
phase4a,tone,cyberpunk,サイバーパンク,1,0,0.033333,0.0,0.0,1,0,0.1,,,
phase4a,tone,steampunk,スチームパンク,1,0,0.033333,0.0,0.0,1,0,0.1,,,
phase4a,tone,cottagecore,コテージコア,3,1,0.1,0.1,0.333333,3,1,0.3,,,
phase4a,tone,brutalist,ブルータリスト,2,1,0.066667,0.1,0.5,2,1,0.2,,,
phase4a,tone,glitch,グリッチ,0,0,0.0,0.0,0.0,0,0,0.0,,,
phase4a,tone,pastel_pop,パステルポップ,1,0,0.033333,0.0,0.0,1,0,0.1,,,
phase4a,tone,film_grain_70s,70sフィルムグレイン,0,0,0.0,0.0,0.0,0,0,0.0,,,
phase4a,tone,neon_noir,ネオンノワール,2,1,0.066667,0.1,0.5,2,1,0.2,,,
phase4a,tone,gothic,ゴシック,1,0,0.033333,0.0,0.0,1,0,0.1,,,
phase4a,tone,industrial,インダストリアル,0,0,0.0,0.0,0.0,0,0,0.0,,,
phase4a,tone,tropical,トロピカル,1,0,0.033333,0.0,0.0,1,0,0.1,,,
phase4a,tone,ukiyo_e,浮世絵,1,0,0.033333,0.0,0.0,1,0,0.1,,,
phase4a,tone,anime_cel,アニメセル,1,0,0.033333,0.0,0.0,1,0,0.1,,,
phase4a,tone,soviet_constructivist,ソビエト構成主義,1,0,0.033333,0.0,0.0,1,0,0.1,,,
phase4a,tone,surveillance,監視カメラ,1,0,0.033333,0.0,0.0,1,0,0.1,,,
phase4a,tone,carnival,カーニバル,1,1,0.033333,0.1,1.0,1,1,0.1,,,
phase4a,tone,fairy_tale,フェアリーテイル,1,0,0.033333,0.0,0.0,1,0,0.1,,,
phase4a,tone,desert_western,砂漠ウェスタン,1,0,0.033333,0.0,0.0,1,0,0.1,,,
phase4a,tone,medical_clinical,メディカル/臨床,2,1,0.066667,0.1,0.5,2,1,0.2,,,
phase4a,tone,polaroid_snapshot,ポラロイド,2,1,0.066667,0.1,0.5,2,1,0.2,,,
phase4a,genre,chase,チェイス,1,0,0.033333,0.0,0.0,1,0,0.1,,,
phase4a,genre,road_movie,ロードムービー,3,0,0.1,0.0,0.0,3,0,0.3,,,
phase4a,genre,day_in_life,一日密着,2,1,0.066667,0.1,0.5,2,1,0.2,,,
phase4a,genre,heist,ハイスト,1,1,0.033333,0.1,1.0,1,1,0.1,,,
phase4a,genre,horror,ホラー,1,1,0.033333,0.1,1.0,1,1,0.1,,,
phase4a,genre,comedy,コメディ,1,1,0.033333,0.1,1.0,1,1,0.1,,,
phase4a,genre,showdown,対決,2,0,0.066667,0.0,0.0,2,0,0.2,,,
phase4a,genre,choreography,コレオグラフィ,3,1,0.1,0.1,0.333333,3,1,0.3,,,
phase4a,genre,band_session,バンドセッション,2,2,0.066667,0.2,1.0,2,2,0.2,,,
phase4a,genre,training,トレーニング,2,0,0.066667,0.0,0.0,2,0,0.2,,,
phase4a,genre,sports_match,スポーツ,1,0,0.033333,0.0,0.0,1,0,0.1,,,
phase4a,genre,fashion,ファッション,4,2,0.133333,0.2,0.5,4,2,0.4,,,
phase4a,genre,cooking,クッキング,1,1,0.033333,0.1,1.0,1,1,0.1,,,
phase4a,genre,one_room,ワンルーム,3,0,0.1,0.0,0.0,3,0,0.3,,,
phase4a,genre,catalog,カタログ,2,0,0.066667,0.0,0.0,2,0,0.2,,,
phase4a,genre,party,パーティ,1,0,0.033333,0.0,0.0,1,0,0.1,,,
phase4a,genre,behind_the_scenes,舞台裏,0,0,0.0,0.0,0.0,0,0,0.0,,,
phase4a,genre,toy_miniature,トイ/ミニチュア,0,0,0.0,0.0,0.0,0,0,0.0,,,
phase4s,style,one_take,ワンテイク,1,1,0.030303,0.090909,1.0,1,1,0.090909,,,
phase4s,style,stop_motion,ストップモーション,3,0,0.090909,0.0,0.0,3,0,0.272727,,,
phase4s,style,rotoscope,ロトスコープ,2,2,0.060606,0.181818,1.0,2,2,0.181818,,,
phase4s,style,split_screen,スプリットスクリーン,0,0,0.0,0.0,0.0,0,0,0.0,,,
phase4s,style,found_footage,ファウンドフッテージ,2,2,0.060606,0.181818,1.0,2,2,0.181818,,,
phase4s,style,timelapse,タイムラプス,2,0,0.060606,0.0,0.0,2,0,0.181818,,,
phase4s,style,reverse_motion,逆再生,3,2,0.090909,0.181818,0.666667,3,2,0.272727,,,
phase4s,style,miniature_tilt,ミニチュア/ティルトシフト,3,0,0.090909,0.0,0.0,3,0,0.272727,,,
phase4s,style,silhouette,シルエット,1,0,0.030303,0.0,0.0,1,0,0.090909,,,
phase4s,style,overhead_only,俯瞰固定,1,0,0.030303,0.0,0.0,1,0,0.090909,,,
phase4s,style,puppet_claymation,パペット/クレイ,2,1,0.060606,0.090909,0.5,2,1,0.181818,,,
phase4s,style,projection_mapping,プロジェクション,2,0,0.060606,0.0,0.0,2,0,0.181818,,,
phase4s,style,underwater,水中,3,1,0.090909,0.090909,0.333333,3,1,0.272727,,,
phase4s,style,body_paint,ボディペイント,3,0,0.090909,0.0,0.0,3,0,0.272727,,,
phase4s,style,kaleidoscope,万華鏡,2,2,0.060606,0.181818,1.0,2,2,0.181818,,,
phase4s,style,vertical_scroll,縦スクロール,3,0,0.090909,0.0,0.0,3,0,0.272727,,,
